doc_id,source,issuer,doc_type,title,url,issue_date,effective_date,fiscal_period,discovery,status,file_hash,local_path,parse_quality,http_status,fetched_at,supersedes,amends,notes
rbi_md_kyc_2016,rbi,RBI,master_direction,"Master Direction - Know Your Customer (KYC), 2016 (as amended)",https://rbidocs.rbi.org.in/rdocs/notification/PDFs/MD18KYCF6E92C82E1E1419D87323E3869BC9F13.PDF,,,,direct,planned,,,,,,,,landing page https://www.rbi.org.in/Scripts/BS_ViewMasDirections.aspx?id=11566 ; PDF reachable with Referer; PDF filename encodes MD18KYC
rbi_md_kyc_nbfc_2016,rbi,RBI,master_direction,Master Direction - Know Your Customer (KYC) for NBFCs / AML obligations,https://rbidocs.rbi.org.in/rdocs/notification/PDFs/361MD1E2F8EA063454AD5AFA1D02A1BA5ACA7.PDF,,,,direct,planned,,,,,,,,"landing page ...BS_ViewMasDirections.aspx?id=12943 ; title from a third-party citation and the mobile mirror's body text, not from the PDF itself -> confirm title and issue date in Phase 1"
rbi_md_irac_2025,rbi,RBI,master_direction,"Reserve Bank of India (Commercial Banks - Income Recognition, Asset Classification and Provisioning) Directions, 2025",https://rbidocs.rbi.org.in/rdocs/notification/PDFs/164MD.PDF,,,,direct,planned,,,,,,,,landing page ...BS_ViewMasDirections.aspx?id=13146 ; body text on the mobile mirror contains asset classification and provisioning language; claim-level source for NPA questions
rbi_md_alm_2025,rbi,RBI,master_direction,"Reserve Bank of India (Commercial Banks - Asset Liability Management) Directions, 2025",https://rbidocs.rbi.org.in/rdocs/notification/PDFs/163MD.PDF,,,,direct,planned,,,,,,,,landing page ...BS_ViewMasDirections.aspx?id=13147 ; mobile mirror body mentions FALLCR and LCR -> primary source for liquidity-ratio questions
rbi_md_investment_2023,rbi,RBI,master_direction,"Master Direction - Classification, Valuation and Operation of Investment Portfolio of Commercial Banks",https://rbidocs.rbi.org.in/rdocs/notification/PDFs/104MDINVESTMENTPORTFOLIOC6B7053A02894342A00142968C70FC82.PDF,,,,direct,planned,,,,,,,,landing page ...BS_ViewMasDirections.aspx?id=12534 ; PDF filename encodes the title
rbi_md_it_outsourcing_2023,rbi,RBI,master_direction,Master Direction on Outsourcing of Information Technology Services,https://rbidocs.rbi.org.in/rdocs/notification/PDFs/102MDITSERVICES56B33FD530B1433187D75CB7C06C8F70.PDF,,,,direct,planned,,,,,,,,landing page ...BS_ViewMasDirections.aspx?id=12486 ; PDF filename encodes the title; mobile mirror body uses 'outsourcing' 49 times
rbi_md_it_governance_2023,rbi,RBI,master_direction,"Master Direction on Information Technology Governance, Risk, Controls and Assurance Practices",https://rbidocs.rbi.org.in/rdocs/notification/PDFs/107MDITGOVERNANCE3303572008604C67AC25B84292D85567.PDF,,,,direct,planned,,,,,,,,landing page ...BS_ViewMasDirections.aspx?id=12562 ; PDF filename encodes the title
rbi_md_digital_lending_2025,rbi,RBI,master_direction,Master Direction - Reserve Bank of India (Digital Lending) Directions,https://rbidocs.rbi.org.in/rdocs/notification/PDFs/MD11024D1EF9CB39B44ABB23DF586173E0CDE.PDF,,,,direct,planned,,,,,,,,landing page ...BS_ViewMasDirections.aspx?id=12613 ; citation used this id for the digital lending directions -> confirm the exact year in Phase 1
rbi_md_psl_2020,rbi,RBI,master_direction,Master Directions - Priority Sector Lending (PSL) - Targets and Classification,https://rbidocs.rbi.org.in/rdocs/notification/PDFs/MDPSL803EE903174E4C85AFA14C335A5B0909.PDF,,,,direct,planned,,,,,,,,"landing page ...BS_ViewMasDirections.aspx?id=11959 ; index entry dated September 04, 2020; PDF filename encodes MDPSL; covers co-lending by banks and NBFCs"
rbi_md_nbfc_p2p_2017,rbi,RBI,master_direction,"Master Direction - Non-Banking Financial Company - Peer to Peer Lending Platform (Reserve Bank) Directions, 2017",https://rbidocs.rbi.org.in/rdocs/notification/PDFs/MDP2PB9A1F7F3BDAC463EAF1EEE48A43F2F6C.PDF,,,,direct,planned,,,,,,,,landing page ...BS_ViewMasDirections.aspx?id=11137 ; PDF filename encodes MDP2P
rbi_md_ppi_2021,rbi,RBI,master_direction,Master Direction on Issuance and Operation of Prepaid Payment Instruments,https://rbidocs.rbi.org.in/rdocs/notification/PDFs/82MDPPIS2708202181CF0A6FCD1B47B88CAE8E92A228B160.PDF,,,,direct,planned,,,,,,,,landing page ...BS_ViewMasDirections.aspx?id=12156 ; PDF filename encodes 82MDPPIS dated 27-08-2021
rbi_md_securitisation_2021,rbi,RBI,master_direction,"Master Direction - Reserve Bank of India (Securitisation of Standard Assets) Directions, 2021",https://rbidocs.rbi.org.in/rdocs/notification/PDFs/85MDSTANDARDASSETSBE149B86CD3A4B368A5D24471DAD2300.PDF,,,,direct,planned,,,,,,,,landing page ...BS_ViewMasDirections.aspx?id=12165 ; PDF filename encodes STANDARDASSETS; applies to banks and NBFCs including HFCs
rbi_md_credit_debit_card_2022,rbi,RBI,master_direction,"Master Direction - Credit Card and Debit Card - Issuance and Conduct Directions, 2022",https://rbidocs.rbi.org.in/rdocs/notification/PDFs/92MDCREDITDEBITCARDC423AFFB5E7945149C95CDD2F71E9158.PDF,,,,direct,planned,,,,,,,,landing page ...BS_ViewMasDirections.aspx?id=12300 ; PDF filename encodes CREDITDEBITCARD
rbi_md_account_aggregator_2016,rbi,RBI,master_direction,"Master Direction - Non-Banking Financial Company - Account Aggregator (Reserve Bank) Directions, 2016",https://rbidocs.rbi.org.in/rdocs/notification/PDFs/MD46859213614C3046C1BF9B7CF563FF1346.PDF,,,,direct,planned,,,,,,,,landing page ...BS_ViewMasDirections.aspx?id=10598 ; citation describes the registration and operation framework for account aggregators -> confirm title
rbi_md_risk_interbank_2019,rbi,RBI,master_direction,Master Direction - Risk Management and Inter-Bank Dealings,https://rbidocs.rbi.org.in/rdocs/notification/PDFs/MD3191FD1C01B7704FB9B24E7073F651AB51.PDF,,,,direct,planned,,,,,,,,landing page ...BS_ViewMasDirections.aspx?id=10485 ; title confirmed by search result for this id
rbi_md_wilful_defaulters_2024,rbi,RBI,master_direction,Master Direction on Treatment of Wilful Defaulters and Large Defaulters,https://rbidocs.rbi.org.in/rdocs/notification/PDFs/MD122F0B6356D6BC14C85A960DEE7CDD9FBD8.PDF,,,,direct,planned,,,,,,,,landing page ...BS_ViewMasDirections.aspx?id=12713 ; title confirmed by search result for this id
rbi_md_credit_information_amendment,rbi,RBI,master_direction,Reserve Bank of India (Credit Information Companies) (Amendment) Directions,https://rbidocs.rbi.org.in/rdocs/notification/PDFs/169MD.PDF,,,,direct,planned,,,,,,,,landing page ...BS_ViewMasDirections.aspx?id=13141 ; title from citation; generic PDF filename -> confirm title and date in Phase 1
rbi_notif_lcr_basel3,rbi,RBI,notification,"Basel III Framework on Liquidity Standards - Liquidity Coverage Ratio (LCR), Liquidity Risk Monitoring Tools and LCR Disclosure Standards",https://www.rbi.org.in/Scripts/Notification.aspx?Id=2490,,,,listing,planned,,,,,,,,Listing page (HTTP 200 verified). The PDF is linked from the page; resolve and record the PDF URL at fetch time. Keep the LCR question in the eval set anchored to the ALM Directions as well.
rbi_notif_integrated_ombudsman_2021,rbi,RBI,notification,"Reserve Bank - Integrated Ombudsman Scheme, 2021",https://rbidocs.rbi.org.in/rdocs/notification/PDFs/NT976BE9580F4E044588822EF3B6CF493D15.PDF,,,,direct,planned,,,,,,,,landing page ...BS_ViewMasDirections.aspx?id=12160 ; 'NT' filename prefix indicates a notification rather than a master direction; title from citation -> confirm
rbi_mc_irac_master_circular,rbi,RBI,master_circular,"Master Circular - Prudential Norms on Income Recognition, Asset Classification and Provisioning Pertaining to Advances",https://m.rbi.org.in/Scripts/BS_ViewMasCirculardetails.aspx?id=12472,,,,listing,planned,,,,,,,,Master circular index page for this topic (HTTP 200 verified). Superseded in substance by the 2025 IRAC Directions: keep both so the supersession graph has a real edge to learn from.
rbi_index_master_directions,rbi,RBI,other,RBI Master Directions index,https://www.rbi.org.in/Scripts/BS_ViewMasDirections.aspx,,,,listing,excluded,,,,,,,,"entry point only, not a document; excluded from the corpus. Content is rendered from ASP.NET viewstate, so the Phase 4 refresh job needs a browser-based adapter (Playwright) or manual review."
rbi_index_master_circulars,rbi,RBI,other,RBI Master Circulars index,https://www.rbi.org.in/Scripts/BS_ViewMasCirculardetails.aspx,,,,listing,excluded,,,,,,,,"entry point only, not a document; excluded from the corpus."
rbi_index_notifications,rbi,RBI,other,RBI notifications and circulars index,https://www.rbi.org.in/Scripts/BS_CircularIndexDisplay.aspx,,,,listing,excluded,,,,,,,,"entry point only, not a document; excluded from the corpus. Phase 4 refresh watches this page."
sebi_reg_lodr_2015,sebi,SEBI,regulation,"SEBI (Listing Obligations and Disclosure Requirements) Regulations, 2015 (last amended July 14, 2026)",https://www.sebi.gov.in/legal/regulations/jul-2026/securities-and-exchange-board-of-india-listing-obligations-and-disclosure-requirements-regulations-2015-last-amended-on-july-14-2026-_102974.html,,,,listing,planned,,,,,,,,Listing page for the regulation (HTTP 200 verified); the consolidated PDF is linked from it. Governing text for listed banks' disclosure duties.
sebi_mc_lodr_compliance_2026,sebi,SEBI,master_circular,"Master Circular for compliance with the provisions of the SEBI (LODR) Regulations, 2015 by listed entities",https://www.sebi.gov.in/legal/master-circulars/jan-2026/master-circular-for-compliance-with-the-provisions-of-the-securities-and-exchange-board-of-india-listing-obligations-and-disclosure-requirements-regulations-2015-by-listed-entities_99432.html,,,,listing,planned,,,,,,,,Listing page (HTTP 200 verified); consolidated PDF linked from it.
sebi_reg_ncs_2021,sebi,SEBI,regulation,"SEBI (Issue and Listing of Non-Convertible Securities) Regulations, 2021 (last amended January 21, 2026)",https://www.sebi.gov.in/legal/regulations/jan-2026/securities-and-exchange-board-of-india-issue-and-listing-of-non-convertible-securities-regulations-2021-last-amended-as-on-january-21-2026-_99288.html,,,,listing,planned,,,,,,,,Listing page (HTTP 200 verified). Applies to bank/NBFC bond issuance and listing.
sebi_mc_ncs_listing_2025,sebi,SEBI,master_circular,"Master Circular for issue and listing of Non-convertible Securities, Securitised Debt Instruments, Security Receipts, Municipal Debt Securities and Commercial Paper",https://www.sebi.gov.in/legal/master-circulars/oct-2025/master-circular-for-issue-and-listing-of-non-convertible-securities-securitised-debt-instruments-security-receipts-municipal-debt-securities-and-commercial-paper_97343.html,,,,listing,planned,,,,,,,,Listing page (HTTP 200 verified). Key document for bank/NBFC debt issuance questions.
sebi_mc_ncs_disclosure_2025,sebi,SEBI,master_circular,"Master Circular for listing obligations and disclosure requirements for Non-convertible Securities, Securitised Debt Instruments and/or Commercial Paper",https://www.sebi.gov.in/legal/master-circulars/jul-2025/master-circular-for-listing-obligations-and-disclosure-requirements-for-non-convertible-securities-securitized-debt-instruments-and-or-commercial-paper_95230.html,,,,listing,planned,,,,,,,,Listing page (HTTP 200 verified).
sebi_reg_icdr_2018,sebi,SEBI,regulation,"SEBI (Issue of Capital and Disclosure Requirements) Regulations, 2018 (last amended March 21, 2026)",https://www.sebi.gov.in/legal/regulations/mar-2026/securities-and-exchange-board-of-india-issue-of-capital-and-disclosure-requirements-regulations-2018-last-amended-on-march-21-2026-_100581.html,,,,listing,planned,,,,,,,,Listing page (HTTP 200 verified). Relevant to bank capital-raising questions.
sebi_mc_icdr_2026,sebi,SEBI,master_circular,Master Circular for Issue of Capital and Disclosure Requirements,https://www.sebi.gov.in/legal/master-circulars/feb-2026/master-circular-for-issue-of-capital-and-disclosure-requirements_99611.html,,,,listing,planned,,,,,,,,Listing page (HTTP 200 verified).
sebi_reg_cra_1999,sebi,SEBI,regulation,"SEBI (Credit Rating Agencies) Regulations, 1999 (last amended January 15, 2026)",https://www.sebi.gov.in/legal/regulations/jan-2026/securities-and-exchange-board-of-india-credit-rating-agencies-regulations-1999-last-amended-on-january-15-2026-_99126.html,,,,listing,planned,,,,,,,,Listing page (HTTP 200 verified). Relevant because bank/NBFC issuances carry ratings.
sebi_mc_cra_2025,sebi,SEBI,master_circular,Master Circular for Credit Rating Agencies (CRAs),https://www.sebi.gov.in/legal/master-circulars/jul-2025/master-circular-for-credit-rating-agencies-cras-_95221.html,,,,listing,planned,,,,,,,,Listing page (HTTP 200 verified).
sebi_reg_debenture_trustees_1993,sebi,SEBI,regulation,"SEBI (Debenture Trustees) Regulations, 1993 (last amended October 27, 2025)",https://www.sebi.gov.in/legal/regulations/oct-2025/securities-and-exchange-board-of-india-debenture-trustees-regulations-1993-last-amended-on-october-27-2025-_97887.html,,,,listing,planned,,,,,,,,Listing page (HTTP 200 verified).
sebi_mc_debenture_trustees_2026,sebi,SEBI,master_circular,Master Circular for Debenture Trustees,https://www.sebi.gov.in/legal/master-circulars/sep-2026/master-circular-for-debenture-trustees_104743.html,,,,listing,planned,,,,,,,,Listing page (HTTP 200 verified).
sebi_circ_cyber_incident_fire_2026,sebi,SEBI,circular,Alignment of SEBI's Cyber Incident Reporting Portal with FIRE Format,https://www.sebi.gov.in/legal/circulars/aug-2026/alignment-of-sebi-s-cyber-incident-reporting-portal-with-fire-format_103915.html,,,,listing,planned,,,,,,,,Listing page (HTTP 200 verified). Operational-circular example for the route/temporal tests.
sebi_circ_kra_info_sharing_2026,sebi,SEBI,circular,Enabling sharing of information by KYC Registration Agencies (KRAs) with entities regulated by IFSCA,https://www.sebi.gov.in/legal/circulars/aug-2026/enabling-sharing-of-information-by-kyc-registration-agencies-kras-with-entities-regulated-by-international-financial-services-centres-authority_103823.html,,,,listing,planned,,,,,,,,Listing page (HTTP 200 verified).
sebi_circ_obpp_2026,sebi,SEBI,circular,Modification in the regulatory framework for Online Bond Platform Providers (OBPPs),https://www.sebi.gov.in/legal/circulars/aug-2026/modification-in-the-regulatory-framework-for-online-bond-platform-providers-obpps-including-measures-for-promoting-ease-of-doing-business_103647.html,,,,listing,planned,,,,,,,,Listing page (HTTP 200 verified).
sebi_circ_position_limits_2026,sebi,SEBI,circular,Review of Position Limits for Clients and Penalty Provisions for Violation / Breach of Position Limits,https://www.sebi.gov.in/legal/circulars/sep-2026/review-of-position-limits-for-clients-and-penalty-provisions-for-violation-breach-of-position-limits_103992.html,,,,listing,planned,,,,,,,,Listing page (HTTP 200 verified). Included as a 'does the answer change over time' example.
sebi_index_circulars,sebi,SEBI,other,SEBI circulars listing,https://www.sebi.gov.in/sebiweb/home/HomeAction.do?doListing=yes&sid=1&ssid=7&smid=0,,,,listing,excluded,,,,,,,,"Entry point only; server-rendered and machine-parseable, so the Phase 4 refresh job uses it directly."
sebi_index_master_circulars,sebi,SEBI,other,SEBI master circulars listing,https://www.sebi.gov.in/sebiweb/home/HomeAction.do?doListing=yes&sid=1&ssid=6&smid=0,,,,listing,excluded,,,,,,,,Entry point only.
sebi_index_regulations,sebi,SEBI,other,SEBI regulations listing,https://www.sebi.gov.in/sebiweb/home/HomeAction.do?doListing=yes&sid=1&ssid=3&smid=0,,,,listing,excluded,,,,,,,,Entry point only.
sebi_index_legal_all,sebi,SEBI,other,SEBI legal section (all listings),https://www.sebi.gov.in/sebiweb/home/HomeAction.do?doListingAll=yes&sid=1&ssid=0&smid=0,,,,listing,excluded,,,,,,,,Entry point only.
sbi_ar_fy2025,bank_ir,SBI,annual_report,State Bank of India Annual Report FY2024-25,https://sbi.co.in/web/investor-relations,,,FY2025,listing,planned,,,,,,,,target: FY2024-25 annual report PDF on the IR page
sbi_ar_fy2024,bank_ir,SBI,annual_report,State Bank of India Annual Report FY2023-24,https://sbi.co.in/web/investor-relations,,,FY2024,listing,planned,,,,,,,,target: FY2023-24 annual report PDF
sbi_transcript_fy2025_q4,bank_ir,SBI,transcript,State Bank of India Q4 FY2025 earnings call transcript,https://sbi.co.in/web/investor-relations,,,FY2025-Q4,listing,planned,,,,,,,,"target: Q4 FY2024-25 transcript; if SBI publishes only an analyst-meet presentation, record that instead"
sbi_transcript_fy2025_q3,bank_ir,SBI,transcript,State Bank of India Q3 FY2025 earnings call transcript,https://sbi.co.in/web/investor-relations,,,FY2025-Q3,listing,planned,,,,,,,,target: Q3 FY2024-25 transcript
sbi_transcript_fy2025_q2,bank_ir,SBI,transcript,State Bank of India Q2 FY2025 earnings call transcript,https://sbi.co.in/web/investor-relations,,,FY2025-Q2,listing,planned,,,,,,,,target: Q2 FY2024-25 transcript
sbi_transcript_fy2025_q1,bank_ir,SBI,transcript,State Bank of India Q1 FY2025 earnings call transcript,https://sbi.co.in/web/investor-relations,,,FY2025-Q1,listing,planned,,,,,,,,target: Q1 FY2024-25 transcript
hdfcbank_ar_fy2025,bank_ir,HDFCBANK,annual_report,HDFC Bank Annual Report FY2024-25,https://www.hdfcbank.com/personal/about-us/investor-relations,,,FY2025,listing,planned,,,,,,,,"target: FY2024-25 annual report PDF; IR page fetched 1.2 MB, resolves to the results/annual-report section"
hdfcbank_ar_fy2024,bank_ir,HDFCBANK,annual_report,HDFC Bank Annual Report FY2023-24,https://www.hdfcbank.com/personal/about-us/investor-relations,,,FY2024,listing,planned,,,,,,,,target: FY2023-24 annual report PDF
hdfcbank_transcript_fy2025_q4,bank_ir,HDFCBANK,transcript,HDFC Bank Q4 FY2025 earnings call transcript,https://www.hdfcbank.com/personal/about-us/investor-relations,,,FY2025-Q4,listing,planned,,,,,,,,target: Q4 FY2024-25 transcript
hdfcbank_transcript_fy2025_q3,bank_ir,HDFCBANK,transcript,HDFC Bank Q3 FY2025 earnings call transcript,https://www.hdfcbank.com/personal/about-us/investor-relations,,,FY2025-Q3,listing,planned,,,,,,,,target: Q3 FY2024-25 transcript
hdfcbank_transcript_fy2025_q2,bank_ir,HDFCBANK,transcript,HDFC Bank Q2 FY2025 earnings call transcript,https://www.hdfcbank.com/personal/about-us/investor-relations,,,FY2025-Q2,listing,planned,,,,,,,,target: Q2 FY2024-25 transcript
hdfcbank_transcript_fy2025_q1,bank_ir,HDFCBANK,transcript,HDFC Bank Q1 FY2025 earnings call transcript,https://www.hdfcbank.com/personal/about-us/investor-relations,,,FY2025-Q1,listing,planned,,,,,,,,target: Q1 FY2024-25 transcript
icicibank_ar_fy2025,bank_ir,ICICIBANK,annual_report,ICICI Bank Annual Report FY2024-25,https://www.icicibank.com/about-us/investor-relations,,,FY2025,listing,planned,,,,,,,,target: FY2024-25 annual report PDF
icicibank_ar_fy2024,bank_ir,ICICIBANK,annual_report,ICICI Bank Annual Report FY2023-24,https://www.icicibank.com/about-us/investor-relations,,,FY2024,listing,planned,,,,,,,,target: FY2023-24 annual report PDF
icicibank_transcript_fy2025_q4,bank_ir,ICICIBANK,transcript,ICICI Bank Q4 FY2025 earnings call transcript,https://www.icicibank.com/about-us/investor-relations,,,FY2025-Q4,listing,planned,,,,,,,,target: Q4 FY2024-25 transcript
icicibank_transcript_fy2025_q3,bank_ir,ICICIBANK,transcript,ICICI Bank Q3 FY2025 earnings call transcript,https://www.icicibank.com/about-us/investor-relations,,,FY2025-Q3,listing,planned,,,,,,,,target: Q3 FY2024-25 transcript
icicibank_transcript_fy2025_q2,bank_ir,ICICIBANK,transcript,ICICI Bank Q2 FY2025 earnings call transcript,https://www.icicibank.com/about-us/investor-relations,,,FY2025-Q2,listing,planned,,,,,,,,target: Q2 FY2024-25 transcript
icicibank_transcript_fy2025_q1,bank_ir,ICICIBANK,transcript,ICICI Bank Q1 FY2025 earnings call transcript,https://www.icicibank.com/about-us/investor-relations,,,FY2025-Q1,listing,planned,,,,,,,,target: Q1 FY2024-25 transcript
axisbank_ar_fy2025,bank_ir,AXISBANK,annual_report,Axis Bank Annual Report FY2024-25,https://www.axisbank.com/shareholders-corner/financial-results/annual-reports,,,FY2025,listing,planned,,,,,,,,target: FY2024-25 annual report PDF; the annual-reports listing page itself was verified
axisbank_ar_fy2024,bank_ir,AXISBANK,annual_report,Axis Bank Annual Report FY2023-24,https://www.axisbank.com/shareholders-corner/financial-results/annual-reports,,,FY2024,listing,planned,,,,,,,,target: FY2023-24 annual report PDF
axisbank_transcript_fy2025_q4,bank_ir,AXISBANK,transcript,Axis Bank Q4 FY2025 earnings call transcript,https://www.axisbank.com/shareholders-corner/financial-results/annual-reports,,,FY2025-Q4,listing,planned,,,,,,,,target: Q4 FY2024-25 transcript from the shareholders corner
axisbank_transcript_fy2025_q3,bank_ir,AXISBANK,transcript,Axis Bank Q3 FY2025 earnings call transcript,https://www.axisbank.com/shareholders-corner/financial-results/annual-reports,,,FY2025-Q3,listing,planned,,,,,,,,target: Q3 FY2024-25 transcript
axisbank_transcript_fy2025_q2,bank_ir,AXISBANK,transcript,Axis Bank Q2 FY2025 earnings call transcript,https://www.axisbank.com/shareholders-corner/financial-results/annual-reports,,,FY2025-Q2,listing,planned,,,,,,,,target: Q2 FY2024-25 transcript
axisbank_transcript_fy2025_q1,bank_ir,AXISBANK,transcript,Axis Bank Q1 FY2025 earnings call transcript,https://www.axisbank.com/shareholders-corner/financial-results/annual-reports,,,FY2025-Q1,listing,planned,,,,,,,,target: Q1 FY2024-25 transcript
kotak_ar_fy2025,bank_ir,KOTAK,annual_report,Kotak Mahindra Bank Annual Report FY2024-25,https://www.kotak.com/en/investor-relations/financial-results.html,,,FY2025,listing,planned,,,,,,,,target: FY2024-25 annual report PDF
kotak_ar_fy2024,bank_ir,KOTAK,annual_report,Kotak Mahindra Bank Annual Report FY2023-24,https://www.kotak.com/en/investor-relations/financial-results.html,,,FY2024,listing,planned,,,,,,,,target: FY2023-24 annual report PDF
kotak_transcript_fy2025_q4,bank_ir,KOTAK,transcript,Kotak Mahindra Bank Q4 FY2025 earnings call transcript,https://www.kotak.com/en/investor-relations/financial-results.html,,,FY2025-Q4,listing,planned,,,,,,,,target: Q4 FY2024-25 transcript
kotak_transcript_fy2025_q3,bank_ir,KOTAK,transcript,Kotak Mahindra Bank Q3 FY2025 earnings call transcript,https://www.kotak.com/en/investor-relations/financial-results.html,,,FY2025-Q3,listing,planned,,,,,,,,target: Q3 FY2024-25 transcript
kotak_transcript_fy2025_q2,bank_ir,KOTAK,transcript,Kotak Mahindra Bank Q2 FY2025 earnings call transcript,https://www.kotak.com/en/investor-relations/financial-results.html,,,FY2025-Q2,listing,planned,,,,,,,,target: Q2 FY2024-25 transcript
kotak_transcript_fy2025_q1,bank_ir,KOTAK,transcript,Kotak Mahindra Bank Q1 FY2025 earnings call transcript,https://www.kotak.com/en/investor-relations/financial-results.html,,,FY2025-Q1,listing,planned,,,,,,,,target: Q1 FY2024-25 transcript
indusind_ar_fy2025,bank_ir,INDUSIND,annual_report,IndusInd Bank Annual Report FY2024-25,https://www.indusind.com/in/en/personal/investor-relations.html,,,FY2025,listing,planned,,,,,,,,target: FY2024-25 annual report PDF
indusind_ar_fy2024,bank_ir,INDUSIND,annual_report,IndusInd Bank Annual Report FY2023-24,https://www.indusind.com/in/en/personal/investor-relations.html,,,FY2024,listing,planned,,,,,,,,target: FY2023-24 annual report PDF
indusind_transcript_fy2025_q4,bank_ir,INDUSIND,transcript,IndusInd Bank Q4 FY2025 earnings call transcript,https://www.indusind.com/in/en/personal/investor-relations.html,,,FY2025-Q4,listing,planned,,,,,,,,target: Q4 FY2024-25 transcript
indusind_transcript_fy2025_q3,bank_ir,INDUSIND,transcript,IndusInd Bank Q3 FY2025 earnings call transcript,https://www.indusind.com/in/en/personal/investor-relations.html,,,FY2025-Q3,listing,planned,,,,,,,,target: Q3 FY2024-25 transcript
indusind_transcript_fy2025_q2,bank_ir,INDUSIND,transcript,IndusInd Bank Q2 FY2025 earnings call transcript,https://www.indusind.com/in/en/personal/investor-relations.html,,,FY2025-Q2,listing,planned,,,,,,,,target: Q2 FY2024-25 transcript
indusind_transcript_fy2025_q1,bank_ir,INDUSIND,transcript,IndusInd Bank Q1 FY2025 earnings call transcript,https://www.indusind.com/in/en/personal/investor-relations.html,,,FY2025-Q1,listing,planned,,,,,,,,target: Q1 FY2024-25 transcript
federalbank_ar_fy2025,bank_ir,FEDERALBANK,annual_report,Federal Bank Annual Report FY2024-25,https://www.federalbank.co.in/financial-results,,,FY2025,listing,planned,,,,,,,,target: FY2024-25 annual report PDF
federalbank_ar_fy2024,bank_ir,FEDERALBANK,annual_report,Federal Bank Annual Report FY2023-24,https://www.federalbank.co.in/financial-results,,,FY2024,listing,planned,,,,,,,,target: FY2023-24 annual report PDF
federalbank_transcript_fy2025_q4,bank_ir,FEDERALBANK,transcript,Federal Bank Q4 FY2025 earnings call transcript,https://www.federalbank.co.in/financial-results,,,FY2025-Q4,listing,planned,,,,,,,,target: Q4 FY2024-25 transcript
federalbank_transcript_fy2025_q3,bank_ir,FEDERALBANK,transcript,Federal Bank Q3 FY2025 earnings call transcript,https://www.federalbank.co.in/financial-results,,,FY2025-Q3,listing,planned,,,,,,,,target: Q3 FY2024-25 transcript
federalbank_transcript_fy2025_q2,bank_ir,FEDERALBANK,transcript,Federal Bank Q2 FY2025 earnings call transcript,https://www.federalbank.co.in/financial-results,,,FY2025-Q2,listing,planned,,,,,,,,target: Q2 FY2024-25 transcript
federalbank_transcript_fy2025_q1,bank_ir,FEDERALBANK,transcript,Federal Bank Q1 FY2025 earnings call transcript,https://www.federalbank.co.in/financial-results,,,FY2025-Q1,listing,planned,,,,,,,,target: Q1 FY2024-25 transcript
cholamandalam_ar_fy2025,bank_ir,CHOLAMANDALAM,annual_report,Cholamandalam Investment and Finance Company Annual Report FY2024-25,https://www.cholamandalam.com/investors/,,,FY2025,listing,planned,,,,,,,,"target: FY2024-25 annual report PDF; NBFC, so NIAR and securitisation questions apply"
cholamandalam_ar_fy2024,bank_ir,CHOLAMANDALAM,annual_report,Cholamandalam Investment and Finance Company Annual Report FY2023-24,https://www.cholamandalam.com/investors/,,,FY2024,listing,planned,,,,,,,,target: FY2023-24 annual report PDF
cholamandalam_transcript_fy2025_q4,bank_ir,CHOLAMANDALAM,transcript,Cholamandalam Q4 FY2025 earnings call transcript,https://www.cholamandalam.com/investors/,,,FY2025-Q4,listing,planned,,,,,,,,target: Q4 FY2024-25 transcript
cholamandalam_transcript_fy2025_q3,bank_ir,CHOLAMANDALAM,transcript,Cholamandalam Q3 FY2025 earnings call transcript,https://www.cholamandalam.com/investors/,,,FY2025-Q3,listing,planned,,,,,,,,target: Q3 FY2024-25 transcript
cholamandalam_transcript_fy2025_q2,bank_ir,CHOLAMANDALAM,transcript,Cholamandalam Q2 FY2025 earnings call transcript,https://www.cholamandalam.com/investors/,,,FY2025-Q2,listing,planned,,,,,,,,target: Q2 FY2024-25 transcript
cholamandalam_transcript_fy2025_q1,bank_ir,CHOLAMANDALAM,transcript,Cholamandalam Q1 FY2025 earnings call transcript,https://www.cholamandalam.com/investors/,,,FY2025-Q1,listing,planned,,,,,,,,target: Q1 FY2024-25 transcript
shriramfinance_ar_fy2025,bank_ir,SHRIRAMFIN,annual_report,Shriram Finance Annual Report FY2024-25,https://www.shriramfinance.in/investors,,,FY2025,listing,planned,,,,,,,,target: FY2024-25 annual report PDF
shriramfinance_ar_fy2024,bank_ir,SHRIRAMFIN,annual_report,Shriram Finance Annual Report FY2023-24,https://www.shriramfinance.in/investors,,,FY2024,listing,planned,,,,,,,,target: FY2023-24 annual report PDF
shriramfinance_transcript_fy2025_q4,bank_ir,SHRIRAMFIN,transcript,Shriram Finance Q4 FY2025 earnings call transcript,https://www.shriramfinance.in/investors,,,FY2025-Q4,listing,planned,,,,,,,,target: Q4 FY2024-25 transcript
shriramfinance_transcript_fy2025_q3,bank_ir,SHRIRAMFIN,transcript,Shriram Finance Q3 FY2025 earnings call transcript,https://www.shriramfinance.in/investors,,,FY2025-Q3,listing,planned,,,,,,,,target: Q3 FY2024-25 transcript
shriramfinance_transcript_fy2025_q2,bank_ir,SHRIRAMFIN,transcript,Shriram Finance Q2 FY2025 earnings call transcript,https://www.shriramfinance.in/investors,,,FY2025-Q2,listing,planned,,,,,,,,target: Q2 FY2024-25 transcript
shriramfinance_transcript_fy2025_q1,bank_ir,SHRIRAMFIN,transcript,Shriram Finance Q1 FY2025 earnings call transcript,https://www.shriramfinance.in/investors,,,FY2025-Q1,listing,planned,,,,,,,,target: Q1 FY2024-25 transcript
rec_ar_fy2025,bank_ir,REC,annual_report,REC Limited Annual Report FY2024-25,https://recindia.nic.in/financial-results,,,FY2025,listing,planned,,,,,,,,"target: FY2024-25 annual report PDF; REC is a PSU NBFC, so it appears in RBI and government reporting at once"
rec_ar_fy2024,bank_ir,REC,annual_report,REC Limited Annual Report FY2023-24,https://recindia.nic.in/financial-results,,,FY2024,listing,planned,,,,,,,,target: FY2023-24 annual report PDF
rec_transcript_fy2025_q4,bank_ir,REC,transcript,REC Limited Q4 FY2025 earnings call transcript,https://recindia.nic.in/financial-results,,,FY2025-Q4,listing,planned,,,,,,,,"target: Q4 FY2024-25 transcript; if REC publishes only results and presentations, substitute those"
rec_transcript_fy2025_q3,bank_ir,REC,transcript,REC Limited Q3 FY2025 earnings call transcript,https://recindia.nic.in/financial-results,,,FY2025-Q3,listing,planned,,,,,,,,target: Q3 FY2024-25 transcript
rec_transcript_fy2025_q2,bank_ir,REC,transcript,REC Limited Q2 FY2025 earnings call transcript,https://recindia.nic.in/financial-results,,,FY2025-Q2,listing,planned,,,,,,,,target: Q2 FY2024-25 transcript
rec_transcript_fy2025_q1,bank_ir,REC,transcript,REC Limited Q1 FY2025 earnings call transcript,https://recindia.nic.in/financial-results,,,FY2025-Q1,listing,planned,,,,,,,,target: Q1 FY2024-25 transcript
